price,id
-360.1812892155906,0
-73.72397405614277,1
32.83786249027463,2
-42.58288464977044,3
-291.79934148902777,4
-22.285898988041914,5
-135.67929918515296,6
63.442579777495574,7
165.2652891768822,8
92.75210114770024,9
157.69429512749605,10
216.2840723758632,11
45.59413216159888,12
3.2404992194548345,13
50.24586337038294,14
-28.080282106250312,15
-234.39008248935883,16
145.68585825581792,17
250.42528435317175,18
-49.86672386145604,19
-51.697338303651016,20
60.854240838231824,21
201.15717188753337,22
45.43671208408769,23
-72.13594197577945,24
54.90626586682989,25
-283.55815174692964,26
-31.783367076137814,27
138.68273081529188,28
-179.07254485933208,29
-290.7236188858242,30
46.00223073523032,31
-113.45314063802472,32
81.06720508840927,33
-16.953404800377537,34
199.06087122788355,35
86.57296130511857,36
-352.8756313849673,37
46.080725157160224,38
87.47125570463922,39
131.3392228146376,40
-150.4233019915731,41
26.514652394670637,42
-178.103276548439,43
188.7696533652729,44
169.5802832720942,45
-38.58971705463081,46
75.48671686060158,47
20.052206382557664,48
166.28925198335662,49
66.31504443407812,50
243.523667917208,51
143.97415752017804,52
-101.02535801192114,53
-19.782353491610078,54
-92.68710440219357,55
217.70630097058572,56
-1.623297190945609,57
-249.10118931052932,58
-28.37894249718928,59
32.26098187832389,60
-66.10739625951949,61
68.53261891706212,62
-194.32201146387308,63
-254.15530615918877,64
164.40829406640478,65
-169.507716234635,66
164.36245668615604,67
163.0270778595532,68
-55.743555010338696,69
74.5442750255764,70
-29.363315667687207,71
87.60024787872406,72
-83.9971655138894,73
-277.8630985427667,74
249.55572563974172,75
157.9133520639055,76
-104.4642699670652,77
-85.63931099245502,78
-84.11514255327229,79
-198.30734958153596,80
-63.024677802069625,81
-353.7330755051508,82
103.84163281622043,83
-85.06713339062485,84
-47.06141735576657,85
-49.5724161930632,86
-141.78678477339525,87
177.7448090435723,88
-59.65793794174529,89
52.12973742792452,90
397.33097197333825,91
256.61277451730035,92
17.24725276173717,93
51.99481800613006,94
244.73211468352375,95
8.1008542131229,96
185.0679489282631,97
-53.598125571353194,98
264.63825279492494,99
132.51621554404156,100
8.172309945368221,101
137.2121247116182,102
-172.7265386254112,103
-216.87791522432613,104
74.35367821852097,105
23.12358820707053,106
179.05467168533497,107
3.48207363686207,108
-17.908981926892043,109
-265.01338273046844,110
-260.1830721643095,111
-50.56922637989042,112
100.60989846039045,113
-12.058657139948082,114
155.9376253878223,115
75.49784662651409,116
-325.7028856885349,117
180.14313866699186,118
-200.14015534263376,119
-67.18197153707561,120
241.7125045755834,121
131.36628008589005,122
127.3322899065731,123
139.1261089070328,124
53.89050700925145,125
-0.34320110447741853,126
-108.39692362938908,127
-194.08110863390044,128
-55.39676546034086,129
49.302801712603824,130
-171.37273819235074,131
-237.8020469920303,132
26.401386736905128,133
-151.83180942944168,134
-63.94754400884105,135
-2.074881553133393,136
160.4901594070498,137
-123.40167376743368,138
-4.884964377138219,139
-66.86061247493784,140
-129.97753287934117,141
77.97394041281932,142
51.848917696902454,143
6.609461604547805,144
-130.85350356948874,145
158.03323356782465,146
118.83486787198099,147
233.0446476365046,148
51.09330847688182,149
-148.68163166595667,150
-55.682318718702334,151
-210.39459541159584,152
142.69387671652234,153
-172.90534331622257,154
219.4108178095748,155
-249.02027188541888,156
153.64192109063532,157
-175.94292742208006,158
-151.92950083584893,159
-135.76822038064472,160
-86.15538336722194,161
-26.85115320800454,162
-251.78690847172228,163
-113.3476517589592,164
79.26509475885535,165
-82.3421173282448,166
-188.30747792086171,167
49.866282261293165,168
-105.99977900528111,169
126.75276194019969,170
14.737288058405737,171
-237.6458283061751,172
-59.78192214998723,173
256.2868422176804,174
-81.07121177111027,175
89.55019046682764,176
-124.94495632089136,177
38.92067416538017,178
-42.70180206224376,179
170.31465931279828,180
343.81571954347027,181
-1.655969832728046,182
-57.400669554982954,183
91.3622489894536,184
-315.4204399674338,185
-269.8318016495234,186
-98.49929274318657,187
311.74557543105834,188
-81.87572568224495,189
-182.96424532872422,190
-162.77878669867113,191
-246.9445504289272,192
-95.20522424063336,193
148.58776299658768,194
19.093512926884532,195
55.24538919368342,196
269.3485224131357,197
-62.20029918347232,198
134.7869584651114,199
-216.5999731687181,200
-304.5498971117222,201
-24.541053442713892,202
-0.9336549853233913,203
-36.03680552593963,204
-155.2723675973231,205
94.91445061578048,206
23.652100560949062,207
-14.411225441545321,208
242.40718825870397,209
214.21857785149504,210
168.3003182661637,211
-21.72365454451553,212
91.50009588594251,213
-13.79205026442007,214
-104.95783579611285,215
75.04821495304265,216
-165.86589476570597,217
-125.08247920227991,218
101.6116681513253,219
184.9957486520698,220
-50.91262086398994,221
-54.048818322614096,222
-185.24954738740288,223
113.18669015419177,224
-96.42402614789134,225
67.88284234753137,226
-138.9269408380748,227
289.89769886981355,228
36.26312415563996,229
-253.08030218693267,230
96.35178018290812,231
29.394817543927108,232
292.9824089744507,233
-95.93448530134597,234
-222.0756889370833,235
44.67422490615913,236
-106.97389937167776,237
-332.80091300018535,238
-115.37620341083351,239
-60.73505091628745,240
-41.29761862504584,241
88.92593544294078,242
-108.66446835758252,243
178.02840373697887,244
238.61333662874083,245
-104.57816998797455,246
-33.029047236867875,247
-10.226770605262956,248
-37.04543119965615,249
180.8171679394153,250
-267.2180747544068,251
223.4140961626684,252
-101.4034139057437,253
-322.0002845042618,254
-34.42023339393942,255
-175.15885887242436,256
-117.96336422081148,257
-29.355919022159792,258
168.6847032665044,259
148.13081093216132,260
13.215005248092844,261
-344.6988605962966,262
20.793649640772742,263
-115.51683537580337,264
126.9389498879348,265
-110.23505657550395,266
-401.11807488766834,267
-58.86000858824841,268
-37.52992095867498,269
-42.74198907032139,270
-232.027770404759,271
-241.72498915625476,272
-34.06031235319915,273
-93.55268484759625,274
301.0499916765924,275
7.726202808712745,276
123.41172803755302,277
-190.96766258608454,278
-21.82240926007112,279
-333.2471932975366,280
33.88662332515556,281
50.00016294643436,282
89.63311268591706,283
-15.620420083417054,284
-74.16383236378478,285
-360.62671317532346,286
-28.644327827719753,287
165.56596543503878,288
97.40769730543111,289
62.36900501289375,290
28.229705705789957,291
-215.79129300600837,292
-37.720145156875496,293
-41.89401183519071,294
-61.87554757097025,295
-161.58811224009233,296
47.74820851882922,297
-160.21352121538715,298
169.8656968648215,299
262.79393476565787,300
-26.910504138190596,301
-57.49940377368534,302
-5.246770910552548,303
-64.44876221153731,304
233.45676397495419,305
26.131643383081695,306
101.15895967293979,307
219.88726106962943,308
79.51503802258286,309
90.69431798269984,310
180.77014640440518,311
-71.05412865936171,312
-205.86986579666126,313
142.61069750005856,314
179.0451112897543,315
35.81646209853935,316
-16.020226348540668,317
129.48623311840333,318
68.26201153857426,319
-312.20771702820997,320
-210.18994259064323,321
-122.69063491091737,322
-174.00795887552485,323
312.9523958898906,324
-282.8915174477675,325
-37.942073622149294,326
73.40676206706885,327
-102.85673595365695,328
101.03989553129014,329
-252.08311154837622,330
184.268461466396,331
-151.27831873373788,332
84.2221849574271,333
-1.0258523350558597,334
8.931753728679622,335
3.3290645723512116,336
-98.81120596453832,337
-319.1090365903973,338
160.80295494364603,339
261.32990488251517,340
169.23032753269214,341
248.8441342429841,342
205.3420004640086,343
-110.49006770087068,344
-104.47375226460704,345
73.99291077655306,346
100.74372241485416,347
35.3415326574077,348
-154.53839595894465,349
-4.176517816662909,350
-25.571873497841757,351
-30.1870849101584,352
-111.70924297300229,353
-250.6718681992148,354
-84.78431092991318,355
-76.30107655304984,356
195.20604538505043,357
11.629261789370007,358
-42.836131501523006,359
-184.12636105470017,360
-221.28439871259275,361
140.1839371497556,362
136.81380523976716,363
-23.72060288140369,364
173.29501306126517,365
136.44124731130626,366
103.51445656581922,367
76.44476364026431,368
-135.57436539938502,369
-353.5515981072744,370
374.6602099701347,371
-182.60343652915535,372
295.75180797433126,373
-130.74373037572627,374
272.06340823659986,375
28.918541716719595,376
-208.02054746588314,377
-184.51640790794426,378
81.21527196099987,379
7.67524883888295,380
-318.20442401127457,381
-43.51019151642926,382
-114.11020503360702,383
-5.620671459216998,384
326.96508606765076,385
152.08575798667593,386
159.79412113417504,387
-221.24443347879142,388
294.377222390401,389
-116.2209149380818,390
54.100175372428474,391
16.789015896926863,392
15.29529539645187,393
-203.2304434788201,394
-1.183635416389844,395
92.72245328433357,396
38.0224988772261,397
-335.0128660387198,398
-160.53900989189202,399
192.4292016011429,400
54.95906263542793,401
-59.01140646478504,402
70.71606253245959,403
61.60793562946816,404
-138.05407969082782,405
71.80584127438567,406
306.1752201529748,407
133.60704965191405,408
117.90369082706023,409
-51.00288532315617,410
-108.99239683498587,411
183.62324702146893,412
59.58024917929625,413
-267.4782213209505,414
22.394986820156156,415
-126.73363809909138,416
93.4843245247602,417
269.4842819540707,418
27.389684913258996,419
-139.87369490594344,420
-39.840373641513374,421
2.3659547528332556,422
208.99356704852343,423
-54.48546766618898,424
3.943568109979767,425
-134.4678589195358,426
-146.39504710785036,427
-282.404801053362,428
-340.61599575576975,429
237.25227965614263,430
142.1439599815857,431
-110.56006596447293,432
-1.2797144483356238,433
208.5543244774312,434
-170.42517085572686,435
56.93498809992106,436
-47.0737311244013,437
-21.079531259988,438
-28.916323694412146,439
64.14816828848244,440
-51.73891473284623,441
-194.04824582447702,442
-71.80672631178788,443
-93.94442669156517,444
-60.79345810261044,445
-118.9459102781955,446
36.025098123250714,447
-67.2948567273719,448
105.38910775662454,449
-56.93283846048676,450
-123.90269380766748,451
-379.460997807174,452
-71.68383870093342,453
192.44503896448754,454
114.72285328879609,455
-77.2595670404899,456
1.2040790163702784,457
218.04468117683592,458
-69.46282533206367,459
-104.19490748521848,460
-89.47148700456235,461
54.68185584068873,462
12.114809447925083,463
210.92188665516355,464
4.8212254191388055,465
108.51880195465407,466
-289.92611573412546,467
-230.09656532082437,468
-162.10274724227526,469
-239.5210625915189,470
97.60466578542884,471
-120.11190760898802,472
103.66122235967005,473
-115.21055468547925,474
-15.871419260563373,475
232.70832710878588,476
-348.44387375382087,477
100.68179781828039,478
-18.724028140490542,479
-249.80282361304253,480
-13.017670323321129,481
-119.53364283748533,482
363.00506589359946,483
57.71624226288881,484
-60.32252297158893,485
179.1878063712359,486
-142.7850185141796,487
-69.1601995957851,488
-121.82654473780357,489
19.490336105890577,490
-63.475407745130994,491
-179.28536377127645,492
74.97242809970999,493
-119.83327465549104,494
82.54704400721415,495
211.6398845160025,496
76.44639260447313,497
-128.90867107839023,498
-108.68143697062064,499
14.593034142681718,500
-26.273921071474287,501
4.551820230177667,502
-167.12398103901302,503
-173.48907785076176,504
48.23324158652697,505
-27.642637742389123,506
-179.56239535062883,507
-198.32584729344669,508
-41.33377575741556,509
28.001963129335245,510
-246.88175652667633,511
-126.84463267633387,512
91.26750438697987,513
-102.66438894007679,514
324.59444344040077,515
120.35709557739372,516
-79.22354349348537,517
89.63618663397916,518
-33.3847334543547,519
-70.49023213135075,520
-188.10796154739492,521
64.26921519129014,522
18.448543269625485,523
5.081207152239643,524
-164.4779574597313,525
137.44732788295903,526
127.69095589978554,527
-101.3915388133409,528
-55.82289005101463,529
365.46335151096537,530
226.39878795175548,531
42.424134110612066,532
362.451572493126,533
-398.4762117951145,534
-128.13533779001753,535
-54.74619004862703,536
132.29927652375693,537
-422.26250876206575,538
40.28480737200378,539
-47.702497412221334,540
1.6458390048750078,541
-208.01162307969727,542
-167.90939773141275,543
102.94436432752633,544
152.00524171948896,545
141.25100462293693,546
177.15692035651514,547
246.33740721237737,548
-45.92071318914701,549
72.01667384941938,550
-66.52115099635446,551
-168.00592332690184,552
113.94146892435107,553
75.11220219001015,554
-202.01689773885016,555
-71.06941322351341,556
216.44347062717742,557
132.24306946755502,558
-4.028739836858586,559
192.23253360804577,560
-312.8648075557233,561
-35.64957179844461,562
-2.8747451517594143,563
177.42754035195387,564
37.15930610776413,565
-72.44238965948098,566
165.48213629670718,567
-116.58537605335965,568
38.37442564396067,569
-220.13443400781856,570
-8.170867749039921,571
145.1798740042385,572
-160.2328396125228,573
-50.07549961394795,574
10.060869436171094,575
142.7359456745428,576
-50.41719195249041,577
124.59800199426672,578
-158.94694481931015,579
35.67651716470432,580
100.30414392411718,581
-129.93783537426717,582
155.4315965051254,583
-50.21381962366023,584
-212.70065057876008,585
-204.697941329097,586
-118.47832369263833,587
-350.74529037525934,588
206.64692351523988,589
14.32987594167653,590
190.3698236643631,591
-202.3080797344929,592
-38.187375852039814,593
-125.74534047065794,594
0.8932889876576033,595
193.74793856262644,596
-179.89439833471226,597
68.19051055928898,598
137.02244410707397,599
-55.21880226777003,600
-218.3086722604253,601
-185.35246556974263,602
-374.8810233076024,603
-46.38555802575954,604
118.17146552389582,605
73.86095747016847,606
-17.513330807739283,607
100.3657684586526,608
197.8148272791968,609
35.80964939302091,610
-116.95025864297007,611
49.571722814421236,612
-97.85271089766978,613
-130.36702871180339,614
-342.39423805296246,615
78.24768173458729,616
-46.436348246067375,617
-70.06504005699837,618
107.39001570086837,619
-226.17312052632363,620
184.23274296241428,621
60.48780998122476,622
-119.05855777754128,623
-78.14530823440356,624
146.60811293602626,625
-101.73042051961075,626
-21.325992026388676,627
133.29537405556147,628
241.10326039742276,629
157.93471891204274,630
-21.404421048280625,631
-13.155481849602584,632
241.6263781725827,633
-116.74867024643227,634
5.405865049554564,635
134.703261894822,636
170.9508507753882,637
-280.653255061698,638
-3.2593767437798546,639
-25.984852396729508,640
-187.06144301253505,641
-211.66438807324437,642
-88.7104897561145,643
49.09956881024183,644
-147.6604988027856,645
-54.40319512987496,646
-264.696758280718,647
49.66108384791335,648
84.85204371417761,649
-2.817347496163477,650
105.96031308765487,651
203.1904263916822,652
-62.51418513197726,653
87.14650809112496,654
-268.91318144673585,655
-101.93933957717918,656
70.50435770296782,657
259.5684014789894,658
204.28240902405173,659
-102.19698815243238,660
-145.1499599086753,661
152.0692679706211,662
101.49753589941788,663
193.29760889302605,664
-136.18808106319372,665
-240.60726876809468,666
-75.26304054147673,667
-104.6445879869349,668
-224.14603944691274,669
-144.64485773432224,670
-186.75304644813073,671
-52.842688932357035,672
184.82099405036172,673
-2.628955408441747,674
119.55208903155246,675
-269.77376422792264,676
79.17374624366892,677
-8.340145736731932,678
-108.28228687201805,679
223.90623317973277,680
129.18819831832195,681
35.45251190539974,682
131.47241065653358,683
-151.95704196127207,684
-122.01911902516484,685
186.3408678060866,686
40.11138487189876,687
70.86883131197662,688
57.71564968257596,689
-6.118464475917144,690
-27.084016292408386,691
250.86475804027708,692
243.77519173882175,693
90.04981448476855,694
-33.17254934953685,695
-72.50454537189324,696
61.84326129253889,697
111.600285887854,698
-278.87152094161434,699
147.887560508602,700
-57.377243687774644,701
171.280999971598,702
-195.41111246313423,703
-217.18346086489336,704
-310.67886453829976,705
-164.400884988032,706
-6.519808141204728,707
6.551533508292379,708
-178.66813274996377,709
-0.26495678311437115,710
87.03976584012635,711
239.08949995123012,712
129.992481852555,713
139.82921254098878,714
-217.96267886300186,715
20.031857738159673,716
130.45956607096056,717
369.1355728940621,718
-136.94692237219726,719
-18.343307065763984,720
101.44656661699109,721
73.87474677264548,722
15.95850528232309,723
128.63141184093598,724
89.83911644019081,725
32.220436885544274,726
-30.630211698543995,727
-12.618503648374666,728
-56.20442306703801,729
166.58894801242133,730
66.8899628973099,731
161.03903650294404,732
37.55996277719952,733
49.79221783287151,734
54.806781558715855,735
-77.92972253897373,736
-13.499922402871604,737
-34.201040798113745,738
-379.470816377527,739
-1.1870402917481047,740
-139.5469169399323,741
-149.98770679261557,742
-3.301337000993501,743
154.00017623984198,744
87.95701202557244,745
127.84334610648106,746
77.21571121785709,747
171.5328551707652,748
135.2726805816123,749
40.727876239528534,750
-125.55439204134767,751
13.7195986703267,752
-113.52640782798562,753
218.5999433203663,754
116.39246120064044,755
-53.56868552059285,756
8.70625797584313,757
-74.72683699470936,758
40.12681908736359,759
2.208105315910471,760
-5.433252129394718,761
280.0950291351054,762
120.30539955592126,763
-364.8713367304374,764
-19.11537310863518,765
-75.43915713050134,766
-56.7380909197153,767
275.42724939155994,768
-179.93416127246513,769
37.365840487539,770
7.921307410381663,771
-282.16918814241484,772
64.65540660721508,773
-28.722419723267684,774
-15.409082071332962,775
-104.0235635031105,776
334.6679059295095,777
4.956175446348871,778
-170.0812124457439,779
-226.96700647512617,780
40.82247922064658,781
56.67047141847362,782
115.54765298857794,783
113.59563921487853,784
103.00001639939204,785
-80.41106449451853,786
310.39592919074784,787
19.234435872778967,788
-113.24799768455246,789
-243.5830060431594,790
40.20499342806138,791
64.52145317853058,792
41.13562668445243,793
-173.11726890099203,794
28.897690542916692,795
246.97212083534873,796
-120.9687153045435,797
-100.11713208752987,798
174.6505277729118,799
103.23172441171171,800
-95.39198478800971,801
70.36431294457435,802
284.54713319655366,803
-16.719009979922934,804
196.2448507331066,805
-159.6963674746729,806
-333.5063167376588,807
170.71369855763334,808
40.8320907240741,809
-133.58518121462114,810
138.91409102444138,811
245.4946945090727,812
-200.5561235947899,813
-2.232298658627657,814
-133.2334677032619,815
9.07209419741357,816
-178.50371671255925,817
-182.7300250199626,818
133.9453093631517,819
52.893159978402,820
86.06935773774761,821
-21.008274251533603,822
33.79759534654695,823
-61.42031136403597,824
-94.38013348210863,825
-47.4992234741892,826
-13.351228945061026,827
30.883461527231326,828
-175.77435140243847,829
-20.03474920434724,830
-160.7090985143702,831
-41.734173661649486,832
-73.53880687453376,833
-151.6475339911727,834
77.09605879134728,835
6.085990934253126,836
-187.76567538817093,837
227.10408821580634,838
-153.45457975524698,839
240.24545679386583,840
57.37568601808754,841
343.8384580795904,842
-29.987877014338295,843
116.9455719395359,844
-77.48866448444682,845
-120.19254242405985,846
167.9137353878644,847
-32.7870370781757,848
-251.69465721335803,849
67.06471149116463,850
265.65607205169687,851
56.549915166942256,852
-27.65492599507922,853
176.74989529499567,854
59.50063258205797,855
-106.94866984732363,856
-266.74254076796825,857
71.12980286789826,858
-168.6065364621446,859
225.70776852414485,860
-11.249341224931113,861
-264.52130302936763,862
262.1086921354956,863
23.14768256120429,864
-205.4588163161844,865
271.2733239140287,866
210.57479181051002,867
123.42567642218518,868
-137.55438401968223,869
-219.97821391428104,870
193.2582563822963,871
-263.7207104359258,872
-75.54716966762156,873
274.9968340131614,874
-3.2877494839709374,875
325.9377299401217,876
144.9149244741391,877
-95.98726772238128,878
-115.91698298378189,879
-164.7203520539954,880
170.797035774214,881
6.2961330391012815,882
-81.02008994085521,883
-41.57514127862476,884
-149.27559969017173,885
90.90109844604095,886
298.6389665170703,887
-274.5930907531958,888
-160.3359013999472,889
-64.41713516723932,890
-192.46736683066152,891
-30.00465502900046,892
261.1826641350365,893
-58.510260046016164,894
-238.1539103827224,895
-133.5627235095841,896
-104.99801176806862,897
-114.01844598054451,898
181.4024544822127,899
6.250819183541223,900
-103.636641394701,901
115.87135076435638,902
199.20599193285318,903
168.96276624322826,904
-351.3204608959303,905
31.589024357176434,906
-194.76830419788882,907
97.56069837273684,908
-22.69509052409335,909
228.63176247070294,910
150.69018121248703,911
292.7309815198707,912
-57.08464221651135,913
-213.7804055398956,914
-182.7319879422387,915
100.99500819562219,916
-55.43278698913582,917
-82.09281530810632,918
-1.2388753907904246,919
2.8859014672006627,920
-212.13733720823802,921
140.8846908062517,922
-41.033528603501,923
-84.2707147970221,924
-220.16306245791787,925
10.073877883696197,926
33.54994765184003,927
-135.5034666095755,928
-97.83116017989633,929
32.80306426141399,930
-258.32062221962053,931
-97.25287955164148,932
21.772631865923454,933
96.62880313693243,934
-203.54009756020434,935
-206.8541720534765,936
209.1406884758528,937
30.40970699530161,938
132.93546241006482,939
-123.39002975980964,940
-123.19117628591924,941
-205.54063943639554,942
123.55793278001379,943
124.34585865031053,944
28.72586869118537,945
-217.99521041293806,946
-5.990605911744053,947
99.25772404155656,948
33.07870295008097,949
-148.52636649742567,950
-77.6337710871057,951
-107.90242373209358,952
186.02967894611658,953
-22.20011412087211,954
-43.05868440405155,955
-115.92646873337884,956
437.7602745522251,957
-157.83257215163175,958
-65.34269588916827,959
-125.4041213192793,960
227.03052695376564,961
-331.8051866931484,962
-286.7192352930266,963
-168.46460449714385,964
189.89658791629677,965
168.52987932387816,966
171.07149473043407,967
153.56539885923473,968
179.95671246937152,969
358.09012403249966,970
-182.61381799543176,971
-63.34555871392861,972
-52.97794751647693,973
-168.01535160850014,974
-369.54387585857097,975
219.99397794943746,976
-74.82264852783135,977
30.586196181509198,978
-184.5759346257694,979
-41.508620887903135,980
246.7594289346303,981
35.87054872921189,982
-306.0316581397353,983
-118.0789890274966,984
172.37296835943206,985
-51.328253148134465,986
38.73763704165863,987
-235.03862931125232,988
-183.33347075918746,989
182.84685538191462,990
118.23002181648484,991
-25.166550282449435,992
29.896027354287618,993
344.2664901836114,994
-261.93883421834283,995
166.63214542607057,996
-335.92931199607204,997
-50.463004976531046,998
-57.75601311661385,999
-78.83549646766632,1000
-17.336642728886613,1001
-158.93277143540826,1002
-47.62753899403245,1003
-45.09346422876083,1004
-48.80047727972076,1005
-60.60426846941658,1006
-20.85934777415179,1007
-63.62123939815111,1008
-246.36236389919247,1009
227.87769156487596,1010
-341.54906124789045,1011
125.0076185527269,1012
-60.08159207754527,1013
2.891826935001975,1014
98.23493283758391,1015
75.61951884016952,1016
129.94523324879748,1017
-111.38428073582075,1018
-120.71443593128984,1019
-23.454869623789577,1020
58.02228645494604,1021
14.265833937648122,1022
110.71465236116359,1023
-29.61679272491923,1024
10.510878867994483,1025
-152.06789479233785,1026
110.33911743720013,1027
14.292286031953502,1028
-43.15460946031463,1029
195.2357906493865,1030
67.21254128380677,1031
230.24397727326817,1032
-68.50699965334682,1033
49.940322532102684,1034
-105.32699065911306,1035
-179.26309119979723,1036
105.12727543667364,1037
2.9460613715806683,1038
-13.125438267421984,1039
19.672832915488996,1040
-361.327665459006,1041
-98.1733681187915,1042
-252.5363027397052,1043
-213.84246676022084,1044
9.171615424565402,1045
-90.87675605226929,1046
-241.65307273403596,1047
-260.75191568377727,1048
181.25256373425108,1049
-116.50446711093048,1050
-97.16564146464012,1051
256.5983406094388,1052
145.2735263492869,1053
-24.240650679806677,1054
-75.30520007120394,1055
247.21748460979316,1056
232.7337040407552,1057
-228.95028687026027,1058
-147.71744310796072,1059
39.22227502541941,1060
-301.6620137438418,1061
72.86248396620563,1062
31.159039930316098,1063
246.51916392330568,1064
-9.588147368354289,1065
-117.70923216853117,1066
-17.00880898679052,1067
112.4739918630907,1068
361.6904928132962,1069
-59.82072868957626,1070
-1.9291382033711484,1071
70.87177064819602,1072
-23.571145982120303,1073
-200.63205875944615,1074
70.53558657258043,1075
-121.9217138795288,1076
208.42387114463764,1077
53.271722083037204,1078
20.47629658147598,1079
-92.39444853388977,1080
106.23343756164833,1081
102.21201823489392,1082
-286.2307926897457,1083
71.84632298089501,1084
351.30553560124304,1085
-134.20106204585647,1086
74.58714432828543,1087
-137.24160264839517,1088
-271.4981926275255,1089
138.4910139393775,1090
-203.0926534890503,1091
114.4297690094829,1092
157.3052607965926,1093
184.96542752621434,1094
41.47562838155907,1095
149.6731163941402,1096
-217.06283064226653,1097
-151.02458487381597,1098
-434.96300250034955,1099
117.08740780893044,1100
5.809745723802633,1101
-6.675534144703103,1102
-137.05500794671346,1103
97.5257999317299,1104
-50.801802330350064,1105
34.379170898785276,1106
329.1005290371382,1107
402.0870027554316,1108
114.81036643007877,1109
-234.46067617101096,1110
-2.575577554355895,1111
-86.70150613989188,1112
-143.0847908345038,1113
238.75035830360122,1114
-70.25556538890137,1115
317.1229985993812,1116
472.54700917193617,1117
5.419981076935231,1118
-272.0334420294983,1119
17.985863633853768,1120
-251.90007459872166,1121
-157.50282161979192,1122
40.7190542448814,1123
-146.37272841033177,1124
-76.17206248061599,1125
193.5324564715371,1126
32.85125568832398,1127
112.05544893479536,1128
257.29450045270255,1129
40.70599972996283,1130
-277.16742234245135,1131
-119.12832855816876,1132
217.63627625299767,1133
-31.34656887831811,1134
55.40049097868967,1135
-27.51660691905291,1136
-15.129259593865765,1137
-139.58299306624053,1138
257.9278907521931,1139
-103.18699974973963,1140
85.97135017776367,1141
61.230065464425245,1142
65.0716719006007,1143
105.47741916980847,1144
105.9603053119949,1145
-324.96189412944926,1146
-63.32995021434462,1147
12.862735220655772,1148
-78.56655921998176,1149
191.86598271601233,1150
124.30092999011161,1151
-13.836023351687919,1152
121.10296453837029,1153
-132.211503615359,1154
42.022857252142714,1155
-328.0917640758393,1156
223.41222601440893,1157
-24.178314614201504,1158
-97.41297635681673,1159
129.09601613874432,1160
114.26045588204019,1161
89.23554228281931,1162
-101.12692544283296,1163
392.8396229008044,1164
-229.40631551333718,1165
-168.40752320026436,1166
87.66180318734975,1167
-168.4090869482907,1168
90.7710205915352,1169
110.81314447874858,1170
288.8363510188392,1171
168.62039391796617,1172
-163.4848810235883,1173
73.4330859401926,1174
240.75095612117798,1175
177.69014756129098,1176
-135.6620523464951,1177
-86.854715295015,1178
0.8454317671632521,1179
169.86355299772342,1180
-326.2746449998559,1181
88.07563815288677,1182
44.0810077480442,1183
74.18548578326293,1184
-62.846213062964665,1185
-216.2331186025822,1186
-102.87888112984677,1187
-136.30286730816624,1188
169.69199596681702,1189
-76.74118117346035,1190
-91.45803767914322,1191
131.04824951418374,1192
-106.02516891166587,1193
249.54969538017386,1194
-118.78200562276815,1195
-55.827363220544754,1196
120.47040885405639,1197
-133.11254790028005,1198
243.55680604432672,1199
-194.15401102004876,1200
-77.27049067754336,1201
-294.4271706945259,1202
-129.74955864012566,1203
49.04575205976487,1204
6.2747354081695335,1205
107.35771116353318,1206
128.55566349383548,1207
49.979488346084196,1208
141.22369678313825,1209
-119.37914928419136,1210
107.5686856107156,1211
244.66531493732785,1212
167.56637106368157,1213
309.75757908969825,1214
154.2506146440553,1215
-104.31486824792968,1216
-139.30452323467176,1217
108.43317525024014,1218
336.19678423998977,1219
83.57233293632402,1220
-67.27443034437681,1221
21.711324176542963,1222
-210.41364596372486,1223
-243.55196523588265,1224
243.72670241936524,1225
51.24996514388928,1226
-238.7387059893183,1227
240.28381880881525,1228
-62.3360281666359,1229
-149.56793043640656,1230
424.9673201641875,1231
81.80196070846893,1232
-109.83564498498474,1233
34.74981855950253,1234
-174.73687900592827,1235
241.0271858651044,1236
152.5001547095075,1237
-123.56515486243222,1238
49.33942782872823,1239
163.7015026931637,1240
-82.70412985947678,1241
-33.488025788779,1242
94.77145144781679,1243
-150.93731055215758,1244
-376.5584997564878,1245
-66.88115848677475,1246
-151.18707187303994,1247
31.630876473320495,1248
37.996130911976564,1249
120.26731214570451,1250
-112.38891898934355,1251
-130.14603923755664,1252
1.6748996961219313,1253
47.09634259553428,1254
-114.78708078542967,1255
-87.87428454489248,1256
-229.54458470718615,1257
-73.3985717194655,1258
162.9320591555445,1259
67.80358500090193,1260
159.30298126474912,1261
93.33973243612618,1262
-48.87843470427427,1263
-76.62942890263339,1264
-84.91915648642355,1265
-12.49882838945758,1266
86.31864182843017,1267
81.07264097428377,1268
-114.77373359349454,1269
-187.27176853104808,1270
68.99522319642313,1271
-82.7085453653181,1272
206.29223331375513,1273
-174.10748675076707,1274
159.64809525702506,1275
154.8941703604624,1276
-11.376452922446783,1277
295.1623742143662,1278
-117.18315539770292,1279
-96.11074263624803,1280
160.23423264618125,1281
55.855129429231994,1282
-5.340966967608615,1283
91.11060563924237,1284
-29.189672018774456,1285
-10.942693704229,1286
-237.81825826160127,1287
57.58592756972852,1288
43.90356329147897,1289
29.10179723802918,1290
93.39075694660738,1291
-213.91481264901276,1292
-136.98668385403195,1293
239.0568375567061,1294
-401.4162053304714,1295
384.58256019046354,1296
124.03039392156792,1297
-62.49629798056016,1298
60.41135601420982,1299
-322.76249531175637,1300
-71.11981879144028,1301
-199.19006757381473,1302
225.12729860126234,1303
-97.45965076833498,1304
19.37698237037594,1305
39.88654515552091,1306
-142.95183551086612,1307
16.900762718549633,1308
-92.64543386503294,1309
-63.74859344485513,1310
-54.76122650689481,1311
-222.00722440005057,1312
36.90287995215237,1313
-160.22092781030665,1314
95.18255062315718,1315
-323.82353380382926,1316
-25.06597151988806,1317
125.39622251370389,1318
102.64992655957467,1319
53.213054219443364,1320
126.19243657086113,1321
-62.77820293094119,1322
234.32428008162034,1323
96.40374884331142,1324
54.18145690114872,1325
105.20352808069092,1326
195.7364970403141,1327
248.15812251341697,1328
-319.5031873988516,1329
-208.6672176418594,1330
58.729420945666305,1331
-160.046909354109,1332
-321.86427152109087,1333
-175.36261113764525,1334
79.54953855028393,1335
-142.56563905159538,1336
202.7854030839422,1337
-123.82483613027657,1338
29.756401435421207,1339
-256.03287723040927,1340
71.61614608779276,1341
102.1801765893925,1342
118.69313577202534,1343
-288.05727267904155,1344
45.778071096758,1345
-174.17827651978226,1346
-10.677242992323915,1347
-75.32450572109751,1348
-90.58876671087833,1349
-27.95683589473075,1350
-195.69960018354286,1351
204.1673002657182,1352
-124.49302723065205,1353
-176.9142922910822,1354
137.67135969146833,1355
-156.7971696778208,1356
-207.7589702387105,1357
19.10374324716048,1358
30.67441804774155,1359
-79.81096118865929,1360
3.6947871946577773,1361
-195.21843032072837,1362
79.22629137071694,1363
16.22856204556319,1364
41.874485923156264,1365
28.00638578563194,1366
253.94529598591373,1367
18.255484571687266,1368
97.79612305054407,1369
-188.1022784816477,1370
77.66379298438568,1371
-45.71124061776736,1372
-166.40334304764139,1373
-104.1057580994003,1374
-72.0285653686163,1375
-10.373658413573374,1376
-32.90646734550164,1377
-32.49125541799605,1378
-16.366383609805663,1379
23.814565367545303,1380
89.29496185080788,1381
119.29324090746513,1382
-134.0817138913206,1383
192.26826253396445,1384
44.20398262603883,1385
-154.7004658075853,1386
-31.420896163268726,1387
189.03647111040186,1388
-60.06316265276921,1389
127.27104471601191,1390
-61.07089532365845,1391
-52.19881789965092,1392
222.57853915309556,1393
-99.36599074891018,1394
104.73462142181008,1395
35.341109788525976,1396
9.263131427658998,1397
-286.53429565175105,1398
108.81415083498626,1399
84.01129807268016,1400
-107.69886675260231,1401
119.82941705467466,1402
32.07312950537885,1403
134.22507626179222,1404
-73.74445062965361,1405
-84.65426758420544,1406
251.28165553089184,1407
135.6670706648729,1408
-121.87783495169288,1409
248.46945553514013,1410
149.38083735387733,1411
-48.39973894087227,1412
68.6473732679801,1413
259.59228275357987,1414
-131.2510862188094,1415
26.249014127469145,1416
40.94068723127021,1417
79.83039686445771,1418
145.49733347481038,1419
20.83419115185719,1420
-89.1045084019042,1421
218.85561333552036,1422
-39.33520425216799,1423
-63.71744306819415,1424
-212.02110579034522,1425
95.2960266416721,1426
287.84937163245445,1427
48.6449370822033,1428
72.84021355369228,1429
-203.27509585033116,1430
-202.91295488433653,1431
-1.0463358528483804,1432
41.77724558033819,1433
-3.1304270321404424,1434
73.62814594712711,1435
117.84280938703441,1436
-120.31089623693019,1437
-222.53097195282825,1438
220.08853751780424,1439
242.80996408085636,1440
-232.41165208684856,1441
290.32020838163953,1442
-242.90917736542104,1443
-251.10763926954886,1444
252.1615942302437,1445
-5.031787589271314,1446
183.2369312599724,1447
-145.2058750856762,1448
-208.11692515267663,1449
-17.11970759159955,1450
-116.08822702899968,1451
0.7923652268653812,1452
-235.19079136676478,1453
-313.8283402124379,1454
-169.59195474457454,1455
-24.527158129758213,1456
106.1743672330735,1457
180.88950271519573,1458
-3.3809340339255267,1459
-12.4547321860611,1460
-0.05466076043931395,1461
-121.65401188525871,1462
257.669858359224,1463
-195.57212407988976,1464
64.88315602820427,1465
56.05356688073345,1466
56.151917605316136,1467
-130.38847140631276,1468
251.2137954102068,1469
-23.913885966101383,1470
322.0694788748382,1471
155.2466454853429,1472
113.1592647580668,1473
162.96790552329261,1474
298.2801160840079,1475
-30.77603885718893,1476
-225.13177069979093,1477
53.92020353709262,1478
-42.091175488601145,1479
24.318922509788,1480
265.9482716220879,1481
330.92853443094276,1482
-100.89584335826922,1483
-152.9089420812919,1484
-315.78782905186813,1485
95.10474299085841,1486
-262.5400233052245,1487
153.37697913355106,1488
-215.13465977381932,1489
-311.9940214151702,1490
-270.11375574975284,1491
-42.22190941263446,1492
-163.5275959519607,1493
-48.51355262301725,1494
172.22958082060592,1495
-160.79835763290265,1496
-121.78897973766938,1497
123.31994168327695,1498
-2.4189489673502873,1499
-94.72477842477927,1500
-173.4704372456091,1501
-118.54914115037724,1502
291.27726473625967,1503
-146.7159495033097,1504
129.93278667802423,1505
-75.37078772710603,1506
-1.2695088928446376,1507
-18.11049091869536,1508
28.354870965001833,1509
154.0615371699155,1510
-254.86013698476464,1511
-125.59702408701555,1512
146.15406997483007,1513
74.83780329639482,1514
-217.9357951748453,1515
-202.44619733266288,1516
236.3836311739717,1517
-29.407400760409992,1518
-62.04359849257032,1519
136.2230768361254,1520
-139.1462267708218,1521
-82.38875630212883,1522
-70.16250365027054,1523
-180.51870320596157,1524
-8.908191666296908,1525
74.49689861457713,1526
-51.80422607461169,1527
-216.35414323747807,1528
299.6111301520386,1529
-206.2280772166128,1530
-86.93060011091815,1531
-42.28889826544439,1532
-124.85917648141414,1533
235.12855673114726,1534
-3.142031913780678,1535
417.3566129591296,1536
173.1927254907756,1537
84.24228713017544,1538
42.26156763103179,1539
70.4442867027283,1540
41.63715900273176,1541
176.23366702701097,1542
-7.129380887865341,1543
-165.27983141676287,1544
-117.25509432231715,1545
-53.85524692526947,1546
144.89596343828268,1547
-131.40993353758077,1548
-252.81382899784958,1549
-295.18427942554547,1550
-94.27871996747339,1551
141.48089772230804,1552
127.33613669185682,1553
100.94103010677605,1554
-127.24002382694555,1555
-74.2214025711151,1556
-36.5068756028576,1557
-138.07120033033272,1558
-15.061198152028705,1559
210.6545162157824,1560
42.64489081120254,1561
63.39073760646729,1562
-82.53503555818898,1563
-324.1790372137805,1564
70.9549613513412,1565
25.565176695958645,1566
13.126505423784419,1567
99.95958878585114,1568
-28.579612037575203,1569
85.80814229754634,1570
-126.58964889650335,1571
123.23061167452346,1572
84.87521482416791,1573
-23.46520112417379,1574
154.53938861068468,1575
16.683336493107536,1576
184.82187003867435,1577
55.75938493510213,1578
-12.463303984907595,1579
-103.14944137935787,1580
71.92421881051744,1581
-39.91472159651652,1582
124.32495303789452,1583
16.68345124516401,1584
-50.94494721279012,1585
-13.879081536921287,1586
118.44737464253203,1587
-80.61658832455913,1588
-300.99869903251346,1589
42.88904417927672,1590
99.09934671664801,1591
-129.67667288479072,1592
120.05280597278858,1593
-114.8024964458586,1594
-70.74478321019465,1595
131.46588052959953,1596
50.59348656110702,1597
-179.18478663648708,1598
-18.935353222657852,1599
-251.16139079262354,1600
-34.0804742118192,1601
-55.68870261701243,1602
31.214567400427686,1603
43.51315029703363,1604
103.92130144483637,1605
-15.19325421919784,1606
54.93961137864515,1607
-39.565936593547555,1608
-47.82665811869779,1609
-94.94093187138093,1610
-91.44785424325883,1611
105.86966794966607,1612
-85.7348012182584,1613
-40.764741930828116,1614
-166.38506869597285,1615
-87.28098730410734,1616
41.272907555267714,1617
-120.9154061458618,1618
-37.736019950352755,1619
54.485291118437424,1620
-1.115497160751656,1621
-47.93312981623773,1622
20.571953854193076,1623
377.5698975129577,1624
-130.0142916422767,1625
17.737521978991143,1626
-134.4445760036899,1627
11.602541580813146,1628
40.12083639229142,1629
-135.00753285145032,1630
-210.08294921083987,1631
-63.40658000394732,1632
48.447525622835265,1633
-184.7540848465029,1634
262.65616670539697,1635
-92.75066254520407,1636
190.64981332164695,1637
254.0220307036924,1638
-24.316099238510528,1639
-72.1471210378616,1640
298.9445935830297,1641
89.34153528481922,1642
-347.4694157308993,1643
-264.5054920458287,1644
219.4624283394188,1645
-47.61829494912694,1646
32.73281907141252,1647
146.65416641008358,1648
76.18387384745444,1649
-79.12939365696326,1650
99.54674060276967,1651
25.697723599808537,1652
-253.88985758615482,1653
-206.59301813115096,1654
-140.33736179721913,1655
-115.18657579134938,1656
148.6659637194607,1657
48.57513402550049,1658
306.88578759611045,1659
8.738245809510884,1660
-32.975037016088265,1661
300.0795296067138,1662
-41.76975506925433,1663
126.26474143543473,1664
33.97045342919573,1665
-185.0278739867348,1666
275.0281862085243,1667
11.285140114779388,1668
125.57455515928275,1669
0.8926712869667361,1670
53.2015440705738,1671
87.35515251911687,1672
-247.81396086194857,1673
121.75086121149572,1674
-51.22901663982659,1675
-145.64874366424735,1676
-0.2711884502105522,1677
-52.97365001262467,1678
-88.52936635837386,1679
103.16213757636005,1680
-81.7386900417278,1681
203.0379246026879,1682
162.83233503249951,1683
34.7338029928346,1684
-185.6057285037181,1685
68.74432496529644,1686
71.10101619631807,1687
-247.08322040314178,1688
-96.40439378546411,1689
59.12728407941985,1690
-128.9276517259049,1691
18.71821804876012,1692
29.647446552407974,1693
-152.82130959728113,1694
-53.55695354640116,1695
-14.81128098115245,1696
142.69443684443115,1697
-332.55139578589,1698
-1.9754164854680338,1699
93.01087736236775,1700
160.5520701636789,1701
-56.912732281210516,1702
-27.761529261352454,1703
71.06803843923242,1704
-46.868231086525526,1705
71.69996554200002,1706
-196.26532894389254,1707
-134.13961683533213,1708
6.074401441180757,1709
266.04552569940057,1710
157.38066711281473,1711
-167.52448123497368,1712
-100.14227068785411,1713
-150.79005880016447,1714
-145.12919254420484,1715
122.09096188952189,1716
-145.49419723926985,1717
-130.74724044251658,1718
-115.60689340833807,1719
-57.19571750002214,1720
-38.54471161139667,1721
71.00840454291641,1722
41.024908424566995,1723
-257.4188439333619,1724
-65.4235753863805,1725
-291.3704125475925,1726
41.87708192715449,1727
70.69571238352731,1728
276.53599929169627,1729
-177.4095399753917,1730
99.86180390854408,1731
235.76714077002856,1732
-289.5633481003797,1733
-131.94240182451452,1734
224.465409226233,1735
5.897118356038306,1736
-15.53857942863061,1737
79.59943184038286,1738
456.0354704601991,1739
49.1747275974664,1740
189.61148554476793,1741
-14.664260167572124,1742
-367.13732440640234,1743
145.7295385786475,1744
-211.7297840014561,1745
135.812513975223,1746
-53.745554495297945,1747
-164.1399775612095,1748
60.94303151792482,1749
45.88312371750067,1750
25.925846966289182,1751
-174.7753790174873,1752
-24.60037316828839,1753
270.1885922430318,1754
-116.88670470409527,1755
-23.428581717648623,1756
-382.55785231640743,1757
-229.69117827753664,1758
-3.137587380434562,1759
-222.32331948899662,1760
-24.159945874155092,1761
-251.35853443336188,1762
-299.2617602963303,1763
281.0892652718038,1764
-140.45106477349785,1765
-14.938820386682147,1766
-103.49337525719335,1767
88.48479063854866,1768
111.39434980679121,1769
-462.86812649987684,1770
53.54771801363848,1771
-73.54751824926745,1772
-72.17680397279432,1773
71.56390781395527,1774
248.5767689027675,1775
138.47269083131755,1776
59.92639065786105,1777
-158.35956432720081,1778
-182.1977841568336,1779
143.01158028229395,1780
217.4600930557465,1781
117.07317265723486,1782
119.3531573330929,1783
235.971780912824,1784
-125.40164663417896,1785
246.50156726424228,1786
131.0478155275819,1787
-316.5207483374317,1788
-54.404423887415945,1789
449.1896495084714,1790
73.86754293712143,1791
55.36167216863856,1792
8.721525369864976,1793
-239.29965787188158,1794
-58.62854622720075,1795
229.2591307698636,1796
317.5517124997425,1797
-113.08872692920336,1798
33.5120368141851,1799
110.47326180878322,1800
77.068730714393,1801
-48.24923821759428,1802
39.6714504869614,1803
-81.93403913747059,1804
132.1369467281656,1805
-190.82303434731722,1806
262.11396386422393,1807
91.81926017732114,1808
-15.101077937434031,1809
-71.3770760919711,1810
-6.415680784857724,1811
-8.096638141932424,1812
-53.7881918403085,1813
91.39771439946864,1814
6.808643918308872,1815
-10.246280731823486,1816
171.65062221043823,1817
-212.74577977247282,1818
-108.93837748086625,1819
89.11892198091822,1820
-42.25917331909527,1821
-53.74694829790491,1822
119.86893042550348,1823
91.08290906473134,1824
73.50834369814385,1825
-143.08358935616698,1826
0.8802425816083473,1827
-170.79780705716556,1828
47.40600641664147,1829
75.54366682910634,1830
-261.33599912295546,1831
-164.20282249910014,1832
241.47546282978726,1833
-12.917158100112028,1834
40.191699061806624,1835
-183.73686263521188,1836
35.29093815045924,1837
-204.22622421389417,1838
118.88137455299035,1839
-9.448184541237207,1840
-290.4299550899151,1841
-260.26989338532474,1842
66.48774553756814,1843
84.63392193302134,1844
128.0311023230853,1845
-274.7351297191736,1846
90.33860698216276,1847
-117.62424302109828,1848
-7.07963721918905,1849
98.65302844104325,1850
-273.0140277368054,1851
204.87203056177455,1852
-8.9598869307362,1853
15.163010155634824,1854
-125.0353294706689,1855
-120.1354394433424,1856
160.135659470543,1857
-195.99808273584094,1858
16.61190542053229,1859
-33.63320399640119,1860
-63.763399690219075,1861
320.9693610381678,1862
409.43535093081533,1863
-120.58969376363952,1864
215.12314393682925,1865
203.67469317802494,1866
-280.3275740111738,1867
311.6446311228986,1868
-86.76339234727388,1869
-99.93754350644866,1870
156.92685054570066,1871
12.239183748817199,1872
-54.96117592679482,1873
375.10106730213937,1874
-197.8805128925045,1875
-168.5155077483721,1876
-110.02834225875839,1877
-43.84500235927363,1878
164.10401194094536,1879
-329.49182497084877,1880
70.69274543050919,1881
18.474502173527974,1882
196.995762467616,1883
112.10096148352484,1884
-48.77028101121329,1885
-247.64805339509581,1886
42.1930196733715,1887
118.76949660432389,1888
94.3452667812093,1889
238.94973910415732,1890
-281.4336877035014,1891
219.69691933034517,1892
-58.09918091568245,1893
8.386534424092826,1894
34.34625757778916,1895
111.39163426711237,1896
143.01084789161595,1897
199.48369246907558,1898
131.8477405499724,1899
-44.316140709436034,1900
-193.99904749758528,1901
169.78112721536021,1902
183.38112269721213,1903
6.437139278787189,1904
109.56544332307571,1905
39.50659019644768,1906
-177.067749588245,1907
-10.168476699070512,1908
-213.0955584116315,1909
192.42590168641524,1910
122.7200621345236,1911
318.21375606450334,1912
19.428775208099534,1913
-113.25770508544525,1914
-116.81506763247799,1915
-31.07192547325389,1916
-134.95644686633304,1917
297.1517352916906,1918
165.2144193618337,1919
204.2479860419805,1920
-43.132416122904004,1921
-56.1717923664664,1922
-266.7159882191413,1923
27.94460941403064,1924
-40.89419715187251,1925
60.590107177460915,1926
194.04480383594554,1927
49.07920993825348,1928
116.1740991541983,1929
74.06276161619203,1930
245.357842331914,1931
-280.6357025700125,1932
148.1063493480336,1933
-91.60085785922494,1934
-43.217610156073206,1935
155.54288905980968,1936
-45.76127170717869,1937
-86.87554241960517,1938
-48.09620472506717,1939
-301.27452969887895,1940
38.96461337645159,1941
-186.6630905277212,1942
172.53849727243647,1943
78.40287284574949,1944
-265.93986752475183,1945
180.37165560082877,1946
33.506393330456206,1947
-49.66038968050252,1948
104.98973095648437,1949
-196.02325829392,1950
125.06358202521771,1951
-31.823558207639202,1952
213.19838252935392,1953
-19.859836809469268,1954
-9.861954349935747,1955
145.55366169368833,1956
-99.17469225216138,1957
113.90692642479499,1958
205.34794703408542,1959
48.79921186193971,1960
196.2433836025935,1961
-27.0587157276237,1962
98.48720401452655,1963
-114.31043785307118,1964
299.44828190361267,1965
-114.36849263207154,1966
-66.91791183856773,1967
118.68916549469601,1968
342.2076841755967,1969
-97.94090658257704,1970
-98.19227431760822,1971
109.12150970618863,1972
-221.06463896342157,1973
-122.53833377442933,1974
-4.565836433359644,1975
35.68926628960779,1976
-1.8540652253802983,1977
-40.76185758269111,1978
-277.78397210019085,1979
24.322032907584468,1980
-388.434137565739,1981
23.87471605850254,1982
-14.897652796751343,1983
43.95420424908539,1984
183.23305426480124,1985
-170.75687433994517,1986
-209.10026697244396,1987
-52.73732998829857,1988
-248.2080992767392,1989
349.8474353139835,1990
97.49818515730581,1991
137.56600674239087,1992
-58.28505059247439,1993
70.02167471997214,1994
233.76410134665025,1995
369.8670505748077,1996
286.57017318702174,1997
11.918802781080572,1998
205.52233555464068,1999
4.945899157956471,2000
64.27076871049086,2001
160.35553250277607,2002
184.89233290110755,2003
224.75829008564878,2004
18.682857322410488,2005
-124.32875492458173,2006
409.92812200816513,2007
-128.39031595595347,2008
-11.055948889619646,2009
85.85388643546615,2010
221.78227003719567,2011
120.11981180958253,2012
95.5317485860972,2013
89.08586852742823,2014
-32.359798383370524,2015
120.40253066646794,2016
-205.19118297833955,2017
-69.39828804200013,2018
-7.196086113734252,2019
260.4403510049985,2020
322.10742576219695,2021
36.3833586834324,2022
-62.1603032331395,2023
2.221300508169733,2024
108.03529246280736,2025
55.88417019192901,2026
137.45607261395196,2027
121.65759776419053,2028
-50.73459428736626,2029
31.759378557402023,2030
-19.69055026243296,2031
-95.6594764645356,2032
-204.88754573763296,2033
204.1319552813379,2034
-41.00450299857332,2035
1.1035754652396657,2036
-4.05547496021105,2037
269.60111303075706,2038
-62.931823093957064,2039
-99.504651558586,2040
48.71875789794541,2041
-80.10738181616392,2042
-50.35759579945154,2043
-116.68592419741742,2044
-101.85795210722269,2045
-17.944055515972885,2046
277.7082098262488,2047
288.72139053800527,2048
12.428902047032729,2049
177.47210722607372,2050
43.59307053728815,2051
267.0262245593815,2052
32.32662043829515,2053
-88.75328874602654,2054
178.8056459295137,2055
-217.04273110444467,2056
144.96895341418508,2057
88.07733453237492,2058
65.66463143276347,2059
-37.45647167918675,2060
-7.680790240307775,2061
-126.99781269346556,2062
-244.91202881709305,2063
309.2134498055852,2064
-40.80032692950586,2065
222.27778242955526,2066
-158.65878380668278,2067
58.69663501334884,2068
-102.30382607562193,2069
144.05017400543775,2070
-354.32906788432695,2071
133.68024957587986,2072
-67.6363547718311,2073
-147.58116669053936,2074
-173.42020973981485,2075
-73.05741167884729,2076
-203.18113958980135,2077
-54.824173135532455,2078
-7.706469736819755,2079
-107.38243602383754,2080
-218.37353191822757,2081
-67.38496098606922,2082
95.63982149651805,2083
139.35516452086745,2084
49.206514977284066,2085
-58.21999243180646,2086
14.041851218212432,2087
143.60500103095373,2088
103.98003277337172,2089
143.79579216312112,2090
212.29140980837684,2091
10.999601204583152,2092
50.741422601296144,2093
92.48787799190353,2094
142.441520093238,2095
149.2765821147637,2096
8.317669178824856,2097
52.10018389964355,2098
-68.169899178586,2099
-10.760692343215634,2100
184.33771023137797,2101
-34.45254678283188,2102
-105.80512995080284,2103
35.074738329911014,2104
-272.9828896966378,2105
288.52498319078836,2106
201.26742615659236,2107
-238.31764429107673,2108
0.9273158930737173,2109
8.528646239154591,2110
-26.67146420167658,2111
-83.18083298031947,2112
-18.064878578631014,2113
-26.9391847026899,2114
40.66212965108149,2115
89.85324867437149,2116
206.53892414914506,2117
269.80699151166687,2118
96.16662711826716,2119
-178.42522705850647,2120
64.69116715993162,2121
90.99482168150625,2122
196.83062020417256,2123
-80.26937796995792,2124
-138.77548832303958,2125
60.635272661858465,2126
-223.7624012570156,2127
12.380148427255262,2128
-237.3973731385737,2129
-174.0942403311554,2130
-158.43752454891316,2131
107.15425089535479,2132
227.53563018282486,2133
94.65766820457924,2134
118.55612775246637,2135
25.752245749973277,2136
16.530890204880947,2137
87.59212074728107,2138
-107.30620224487582,2139
125.35514583890479,2140
138.8422968796393,2141
-15.042552733143257,2142
222.55711028025542,2143
71.02860735952282,2144
247.8635342870387,2145
78.89564416569158,2146
-303.1163450642929,2147
30.322404781486092,2148
147.8612632978949,2149
-95.75940983953758,2150
276.15228510832117,2151
-233.17504173529937,2152
-232.47725065659054,2153
216.83032578928723,2154
-119.60122133045039,2155
17.150508842136297,2156
-126.98876093676245,2157
132.86313447875926,2158
-79.63918847062796,2159
-30.674663181043062,2160
-40.021083666615105,2161
15.590870585470181,2162
324.56879178113263,2163
182.69570153548054,2164
-104.14801086947087,2165
142.45867683335393,2166
-27.624698313459426,2167
23.28322470895183,2168
-203.34523251665374,2169
68.31252102747108,2170
15.737174000367501,2171
-134.4753046701286,2172
-13.59705787218622,2173
-68.88519226345339,2174
7.749057513978474,2175
-361.2573036487938,2176
90.5537344242834,2177
240.9878517207723,2178
-50.45361027149154,2179
-18.768935710573395,2180
-36.02400650434675,2181
35.06996897209763,2182
195.24403236520595,2183
298.2056623682403,2184
78.29823017418907,2185
110.52625478300314,2186
-100.12083659252319,2187
1.2742509049265491,2188
59.715563632457915,2189
59.335229671200494,2190
319.53071276719163,2191
-161.8680070757061,2192
224.3429706071248,2193
185.1185458897192,2194
-215.8632760916292,2195
-30.013365673363595,2196
20.736938603227028,2197
11.58928614896353,2198
-294.8347213834513,2199
307.2568345915072,2200
60.957626469756676,2201
300.4713741926152,2202
-0.1441473851094713,2203
2.179487014885422,2204
56.54958784705979,2205
-88.07344055985006,2206
186.46155414186,2207
54.518845710177104,2208
-238.16287770568488,2209
39.46337338963184,2210
-13.973767651094441,2211
-31.392591033682294,2212
46.510047569829254,2213
372.5367334232974,2214
160.9126816947805,2215
-6.6293490252931,2216
-168.00619801404707,2217
28.099562047755267,2218
152.84515479421293,2219
26.7637589184127,2220
-54.75978360616646,2221
102.55909812654174,2222
33.984357264858915,2223
263.8385800615945,2224
-36.24035381416728,2225
-246.55938399018075,2226
2.247947949616796,2227
106.60949086393721,2228
39.748841994848384,2229
164.9532733568448,2230
-58.42042456762732,2231
-131.75155965474463,2232
253.85224524438624,2233
-242.3014542476457,2234
-27.233419116428298,2235
27.05440277506466,2236
-64.2077919029337,2237
-252.78594790518167,2238
9.5443009214168,2239
37.87356328477287,2240
126.39496708642162,2241
-139.27874925723864,2242
47.02843488152149,2243
102.62680871059369,2244
-276.9505731789044,2245
-282.3288870120143,2246
35.58760856340603,2247
231.4209232811473,2248
-42.646044218269616,2249
-57.09431254685494,2250
63.30154873958161,2251
142.67746973922556,2252
69.06078671119762,2253
277.357931102455,2254
-63.89204018503669,2255
69.23171517355817,2256
-152.07795978633234,2257
182.67708292926432,2258
176.82178637221577,2259
109.53218676607244,2260
-173.04844060532315,2261
181.2879775828852,2262
134.30742913850952,2263
-193.9727708651491,2264
-11.113840629447429,2265
-8.728762697768408,2266
190.64630343038826,2267
233.78825638812802,2268
409.75391690967496,2269
223.96473621163597,2270
-356.73093315327213,2271
-136.3691501131392,2272
-210.65718116677942,2273
133.6626706646009,2274
0.3478395120896735,2275
-169.05021081088722,2276
-5.653766416271555,2277
-1.1480075040216866,2278
58.30815198666183,2279
268.80845461570703,2280
34.99727439422658,2281
-191.64300988310592,2282
-138.02877224379586,2283
-42.26822097932599,2284
36.60871009034394,2285
169.3177187006814,2286
-153.90609308980217,2287
109.68056563369296,2288
161.23289273100212,2289
87.21743354204044,2290
357.955408400483,2291
-103.30108439434059,2292
-126.57025261070507,2293
178.87322121547982,2294
9.536434097986154,2295
111.46950394086507,2296
-71.6063924498932,2297
201.78326027656868,2298
-57.79065635394326,2299
-8.663323917998595,2300
203.67216988417135,2301
161.68664823518142,2302
-143.7547190818288,2303
-24.05679282933194,2304
0.7681187428245135,2305
357.89469255388724,2306
179.198194982263,2307
-19.559425600954413,2308
62.81957093667249,2309
16.30417632389833,2310
43.71156520214789,2311
151.18186290938064,2312
-159.15284086978653,2313
166.6296872568717,2314
165.40058589442066,2315
59.123958175387145,2316
-150.51773662090534,2317
-33.75330555646639,2318
26.88212565374264,2319
160.45105712067624,2320
185.11587586418813,2321
-171.46446582067222,2322
-107.65168076001744,2323
26.534760355697728,2324
-186.43544576811368,2325
198.83028236594578,2326
189.08739834938737,2327
-156.46730546765622,2328
-134.50429549532655,2329
-132.39962269998844,2330
-127.33788276153082,2331
1.100876294500123,2332
-84.32186256411264,2333
-183.6730288326156,2334
-55.13727671425123,2335
-242.24952671777487,2336
126.7956065976998,2337
354.06577637907185,2338
-144.0360186011955,2339
32.143498519367874,2340
-68.23560994436883,2341
266.72735196779286,2342
-366.39446585900174,2343
49.287986390806346,2344
-136.05588611607044,2345
374.3736347673624,2346
287.2275353691112,2347
137.64035783871196,2348
18.659626418590367,2349
186.85784569986495,2350
26.326775935065466,2351
21.408526668153225,2352
-184.04000371802115,2353
202.5814233646413,2354
1.7831155111603036,2355
246.32016832371053,2356
132.37982661409754,2357
-358.4094432331618,2358
101.51157172100253,2359
-233.64042362455714,2360
-78.09141803536151,2361
-217.69534524730025,2362
125.1393392153872,2363
-86.86823288016446,2364
98.72368615675427,2365
-206.1525169648511,2366
69.20292111077627,2367
-178.96285716103773,2368
-59.475529422590824,2369
-344.37308325958065,2370
-72.9833062772404,2371
24.186382023374648,2372
-5.37877438881672,2373
-7.992638105246108,2374
64.10534118398921,2375
-85.83740375764852,2376
209.81258070166058,2377
169.47472059151943,2378
-281.95252674764265,2379
-141.96771467654017,2380
105.18612210841594,2381
-27.683287401275358,2382
-86.58903387391086,2383
-156.1688369102635,2384
108.55079936859106,2385
173.34020228250796,2386
-6.54323038890195,2387
93.44909735134621,2388
-77.57743004279433,2389
145.78777035149977,2390
175.73748318096906,2391
-66.20723017918995,2392
180.3625216375815,2393
337.16076685258435,2394
-93.37379681830168,2395
-20.469283186410667,2396
84.56812674383698,2397
-147.69192579141645,2398
-97.59339502981305,2399
-0.8269016007084435,2400
-52.37727122665235,2401
-156.40947391420076,2402
-67.94049707544565,2403
150.5098518915543,2404
198.8890349446284,2405
-197.2718441918991,2406
-17.5340840290635,2407
153.22794340017933,2408
165.11749878545666,2409
-157.13621980184928,2410
53.33566566849787,2411
-39.15099790502732,2412
-104.9283032459636,2413
-51.71228219518727,2414
180.16690451751245,2415
-105.64412954760692,2416
-138.0952028878023,2417
-182.69681808146441,2418
100.65615735639291,2419
-125.40292560437919,2420
44.24751634535398,2421
39.88169604424551,2422
-356.85444231719555,2423
53.08183392992838,2424
69.33714243040622,2425
89.65135952358223,2426
-39.10149589894298,2427
206.83207313485062,2428
-149.15100722661265,2429
-171.56898744361453,2430
-85.96152333679926,2431
129.9145591324161,2432
-69.59322711908366,2433
-310.36979501543925,2434
65.51138153030409,2435
132.6059329696875,2436
-200.01531047257637,2437
-26.303261755328794,2438
211.57618952211237,2439
66.60220412274911,2440
66.1046176872142,2441
156.76021668008892,2442
-200.0697335642925,2443
288.2659716434318,2444
161.0771323120133,2445
-132.0819113802608,2446
-228.93494134086112,2447
28.535895237591674,2448
-193.70737189410846,2449
-290.3572365345279,2450
-114.13893218672942,2451
-26.983977153125526,2452
99.74226547127451,2453
-161.58078959077292,2454
-97.30052477915598,2455
-176.67284507292902,2456
393.72895818920716,2457
-170.43400239182435,2458
347.88641244359883,2459
208.7443545335868,2460
-99.6561408133926,2461
3.1984068403487385,2462
77.33466368928813,2463
2.8439268962728166,2464
-245.58132851729923,2465
207.65977783058526,2466
48.897012943775806,2467
183.44043301007176,2468
-117.84069744654322,2469
-228.20183993067567,2470
84.78850455136035,2471
-10.63143371791992,2472
225.58937196262698,2473
76.06627256797395,2474
115.84955812248465,2475
-12.011451508880855,2476
-178.52240375373162,2477
82.34448346633332,2478
-166.52022499540126,2479
169.26150453740829,2480
306.7042318446538,2481
160.09212331993666,2482
24.541352293646224,2483
-171.69912827933678,2484
-103.38812002004319,2485
7.034089281078893,2486
11.11841626192112,2487
-125.49078848753615,2488
-197.01780496229765,2489
155.77201605485448,2490
-213.99462833014212,2491
-127.84112997428714,2492
-217.2762313982482,2493
55.88034532622,2494
154.68830876585514,2495
243.76326331962844,2496
324.79756137223785,2497
7.537051233766706,2498
-291.19043003492095,2499
-90.60733726565388,2500
-191.39189989593774,2501
-162.34647788628953,2502
113.25045520896317,2503
105.29484094630256,2504
-257.9640308072452,2505
-257.9568168283778,2506
216.74609346403906,2507
-128.55447237395984,2508
150.16590501339113,2509
159.3125666722181,2510
-209.92882622250184,2511
-7.555176659583542,2512
-19.018472826714913,2513
-68.7694980041658,2514
-184.1106160971047,2515
-259.1205494563041,2516
123.24758150935448,2517
-217.45795558096043,2518
-255.89591712646066,2519
105.42677018843614,2520
128.57710500674295,2521
-42.87212575400246,2522
114.72241189689676,2523
111.4198299668831,2524
353.4823085134456,2525
-109.71400275818955,2526
110.65102509927739,2527
392.8553852365345,2528
24.165872806188577,2529
-14.476215721892961,2530
-169.93894800600353,2531
-23.973001647552792,2532
-118.98904360568552,2533
113.23876864428034,2534
141.68276518357868,2535
242.33294968637674,2536
208.56274672932943,2537
28.581169697035204,2538
184.67901911608064,2539
-32.503154477508765,2540
-105.62550106617542,2541
151.83358410782307,2542
-178.9302103295921,2543
66.20145208013395,2544
188.25834617821494,2545
59.011200682608,2546
181.78026135658783,2547
178.57175376646626,2548
-270.34713726830455,2549
-149.31373037471315,2550
135.3786068096067,2551
-310.3838125960057,2552
-0.11592850279580773,2553
222.8603494355102,2554
-258.32715547887716,2555
-72.64283648495012,2556
309.86583167043227,2557
168.73055588680927,2558
-303.86988262919897,2559
23.590308034967485,2560
191.24353302725518,2561
26.09159487455668,2562
-69.91745759343483,2563
-32.99344544235707,2564
-153.3078413655747,2565
-70.80923903576974,2566
7.610748446216307,2567
293.97934975538186,2568
184.49759051545453,2569
-46.23009311736157,2570
-138.14610845345732,2571
127.38623008323086,2572
-61.702206629831515,2573
-132.0679149937543,2574
94.29531291359936,2575
119.82287739507755,2576
58.6665269385912,2577
3.811802084397251,2578
15.186674881672298,2579
54.903207574800234,2580
8.941903851295464,2581
-72.50695273565886,2582
29.729536225603727,2583
135.08457823554073,2584
49.68441605909443,2585
-37.84260256970259,2586
-368.22352368441733,2587
-292.81748215015625,2588
-7.681422378094076,2589
59.99034157005135,2590
107.54851435716337,2591
226.99917062560027,2592
257.74941048959977,2593
-9.756750249876722,2594
3.8893324433089127,2595
57.27924652949745,2596
47.35871297158385,2597
-213.11875950886778,2598
2.083987838691724,2599
-49.68316852433002,2600
-367.1273205963126,2601
22.30420631724407,2602
54.96691377414478,2603
179.7131098274566,2604
275.2540150190916,2605
-136.40683511927128,2606
19.384462824856513,2607
-39.48598312395449,2608
123.60446198710717,2609
187.1048229072361,2610
-81.50868404105665,2611
251.9585309768959,2612
-177.71101138708542,2613
120.19530681551362,2614
183.60483895422712,2615
-47.03642512250237,2616
47.281316981012104,2617
135.543252069916,2618
-390.7001897287697,2619
77.21002556866345,2620
133.3418882168293,2621
148.63028250062885,2622
-4.97547982473628,2623
306.2864339118194,2624
19.422690853446166,2625
-18.82066119658444,2626
-126.6405944317831,2627
-65.17261593243803,2628
63.775000239109104,2629
-28.773022535675683,2630
-160.79930265539514,2631
186.68358372007748,2632
233.29247978999044,2633
-180.16793628508904,2634
51.49328719708228,2635
-141.68545540364528,2636
-160.34224344122669,2637
-156.17716655838754,2638
-62.17854068422325,2639
-133.26846400244702,2640
19.62749492501332,2641
113.07207872534428,2642
-313.86455775396195,2643
56.886209082230124,2644
2.987509201218764,2645
84.41488178529258,2646
-13.650834365835232,2647
-54.51201980311447,2648
-11.04672607192472,2649
-172.89988100818297,2650
-22.668593192843527,2651
72.81278093310709,2652
-188.45103835073004,2653
140.98266963128412,2654
271.0614454211451,2655
132.76845880412148,2656
-72.82935912475955,2657
21.936965496020044,2658
-66.34482408550797,2659
29.514699100246037,2660
-51.551485555095404,2661
232.8939192414746,2662
231.0924775443846,2663
-27.576735335665248,2664
156.62175288938394,2665
-296.02728581437935,2666
171.85265479747235,2667
-50.150606508067874,2668
20.12877409073242,2669
-120.60693514054343,2670
252.88419548256348,2671
73.33319300882187,2672
188.21760697212045,2673
431.9515553418698,2674
135.87744852033032,2675
-103.59186091582201,2676
315.57903626340794,2677
-73.63476465767002,2678
351.2995037900047,2679
5.643644504428003,2680
-12.84632021276589,2681
16.131180773898663,2682
-85.96666115751486,2683
148.81387076909144,2684
79.19897066497731,2685
100.7862348489576,2686
-55.57727345001627,2687
-262.952779914358,2688
74.00535362404989,2689
-0.7497632901146883,2690
46.49045614823312,2691
353.38593435933217,2692
33.46497521385816,2693
-188.36344235916766,2694
-261.8746836110116,2695
-61.23248241575045,2696
